{"cameraMode":{"drawMode":0,"name":"Shaded","section":"Shading Mode"},"sceneLighting":false,"audioPlay":false,"sceneViewState":{"m_AlwaysRefresh":false,"showFog":true,"showSkybox":false,"showFlares":true,"showImageEffects":true,"showParticleSystems":true,"showVisualEffectGraphs":true,"m_FxEnabled":true},"in2DMode":false,"pivot":{"x":0.8529074192047119,"y":-0.3502456247806549,"z":0.02392578125},"rotation":{"x":0.0012080615852028132,"y":0.9987896084785461,"z":-0.036281365901231769,"w":0.03327329829335213},"size":3.6530373096466066,"orthographic":false}